pool_id,source_file,row_id,trial_key,citation_id,original_pmid,erratum_pmids,populated_cells
ACALABRUTINIB_CLL_REVIEW,ACALABRUTINIB_CLL_REVIEW.html,ACALABRUTINIB_CLL_REVIEW:NCT02475681,NCT02475681,PMID32305093,32305093,32473678,ci_hi;ci_lo;effect;n_c;n_t;outcome;reported_n;se;trial_true_n
ADC_HER2_NMA_REVIEW,ADC_HER2_NMA_REVIEW.html,ADC_HER2_NMA_REVIEW:NCT03529110,NCT03529110,PMID36495879,36495879,36803433,ci_hi;ci_lo;effect;n_c;n_t;outcome;reported_n;se;trial_true_n
ADC_HER2_NMA_REVIEW,ADC_HER2_NMA_REVIEW.html,ADC_HER2_NMA_REVIEW:NCT00829166,NCT00829166,PMID23020162,23020162,,ci_hi;ci_lo;effect;n_c;n_t;outcome;reported_n;se;trial_true_n
ADC_HER2_NMA_REVIEW,ADC_HER2_NMA_REVIEW.html,ADC_HER2_NMA_REVIEW:NCT03523585,NCT03523585,PMID37086745,37086745,38070948;38460989,ci_hi;ci_lo;e_c;e_t;effect;n_c;n_t;outcome;reported_events;reported_n;se;trial_true_n
ALIROCUMAB_LIPID_AUTO_REVIEW,ALIROCUMAB_LIPID_AUTO_REVIEW.html,ALIROCUMAB_LIPID_AUTO_REVIEW:NCT02107898,NCT02107898,PMID27452202,27452202,27784878,e_c;e_t;n_c;n_t;outcome;reported_events;reported_n;se;trial_true_n
ANTIVEGF_NAMD_NMA_REVIEW,ANTIVEGF_NAMD_NMA_REVIEW.html,ANTIVEGF_NAMD_NMA_REVIEW:NCT00509795,NCT00509795,PMID23084240,23084240,,ci_hi;ci_lo;e_c;e_t;effect;n_c;n_t;outcome;reported_events;reported_n;se;trial_true_n
ARNI_HF_REVIEW,ARNI_HF_REVIEW.html,ARNI_HF_REVIEW:NCT02924727,NCT02924727,PMID34758252,34758252,34965357,ci_hi;ci_lo;e_c;e_t;effect;n_c;n_t;outcome;reported_events;reported_n;se;trial_true_n
ASCORBIC_ACID_SEPSIS_AUTO_REVIEW,ASCORBIC_ACID_SEPSIS_AUTO_REVIEW.html,ASCORBIC_ACID_SEPSIS_AUTO_REVIEW:NCT02106975,NCT02106975,PMID31573637,31573637,31990296,e_c;e_t;n_c;n_t;outcome;reported_events;reported_n;se;trial_true_n
BELIMUMAB_LN_AUTO_REVIEW,BELIMUMAB_LN_AUTO_REVIEW.html,BELIMUMAB_LN_AUTO_REVIEW:NCT02260934,NCT02260934,PMID32755035,32755035,34890126,e_c;e_t;n_c;n_t;outcome;reported_events;reported_n;se;trial_true_n
BELIMUMAB_LUPUS_NEPH_AUTO_REVIEW,BELIMUMAB_LUPUS_NEPH_AUTO_REVIEW.html,BELIMUMAB_LUPUS_NEPH_AUTO_REVIEW:NCT02260934,NCT02260934,PMID32755035,32755035,34890126,e_c;e_t;n_c;n_t;outcome;reported_events;reported_n;se;trial_true_n
BIMEKIZUMAB_HS_AUTO_REVIEW,BIMEKIZUMAB_HS_AUTO_REVIEW.html,BIMEKIZUMAB_HS_AUTO_REVIEW:NCT03248531,NCT03248531,PMID34406364,34406364,34787672,e_c;e_t;n_c;n_t;outcome;reported_events;reported_n;se;trial_true_n
BOSENTAN_PAH_AUTO_REVIEW,BOSENTAN_PAH_AUTO_REVIEW.html,BOSENTAN_PAH_AUTO_REVIEW:NCT00319020,NCT00319020,PMID26386921,26386921,27623401,e_c;e_t;n_c;n_t;outcome;reported_events;reported_n;se;trial_true_n
BTKI_CLL_NMA_REVIEW,BTKI_CLL_NMA_REVIEW.html,BTKI_CLL_NMA_REVIEW:NCT02475681,NCT02475681,PMID32305093,32305093,32473678,ci_hi;ci_lo;effect;n_c;n_t;outcome;reported_n;se;trial_true_n
BTKI_CLL_NMA_REVIEW,BTKI_CLL_NMA_REVIEW.html,BTKI_CLL_NMA_REVIEW:NCT03336333,NCT03336333,PMID35810754,35810754,36858727,ci_hi;ci_lo;e_c;e_t;effect;n_c;n_t;outcome;reported_events;reported_n;se;trial_true_n
BUDESONIDE_IBD_AUTO_REVIEW,BUDESONIDE_IBD_AUTO_REVIEW.html,BUDESONIDE_IBD_AUTO_REVIEW:NCT01532648,NCT01532648,PMID28333362,28333362,28453665,e_c;e_t;n_c;n_t;outcome;reported_events;reported_n;se;trial_true_n
CART_DLBCL_REVIEW,CART_DLBCL_REVIEW.html,CART_DLBCL_REVIEW:NULLED:NCT03575351,NULLED:NCT03575351,PMID35717989,35717989,35843242,ci_hi;ci_lo;e_c;e_t;effect;n_c;n_t;outcome;reported_events;reported_n;se;trial_true_n
CDK46_BREAST_CANCER_REVIEW,CDK46_BREAST_CANCER_REVIEW.html,CDK46_BREAST_CANCER_REVIEW:NCT01958021,NCT01958021,PMID27717303,27717303,30586508,ci_hi;ci_lo;effect;n_c;n_t;outcome;reported_n;se;trial_true_n
CDK46_MBC_REVIEW,CDK46_MBC_REVIEW.html,CDK46_MBC_REVIEW:NCT01958021,NCT01958021,PMID27717303,27717303,30586508,ci_hi;ci_lo;effect;n_c;n_t;outcome;reported_n;se;trial_true_n
CFTR_CF_REVIEW,CFTR_CF_REVIEW.html,CFTR_CF_REVIEW:NULLED:NCT03525548,NULLED:NCT03525548,PMID31679946,31679946,32473673,n_c;n_t;outcome;reported_n;trial_true_n
CGRP_MIGRAINE_NMA_REVIEW,CGRP_MIGRAINE_NMA_REVIEW.html,CGRP_MIGRAINE_NMA_REVIEW:NCT02614183,NCT02614183,PMID29813147,29813147,31135817,ci_hi;ci_lo;e_c;e_t;effect;n_c;n_t;outcome;reported_events;reported_n;se;trial_true_n
CGRP_MIGRAINE_REVIEW,CGRP_MIGRAINE_REVIEW.html,CGRP_MIGRAINE_REVIEW:NCT02614183,NCT02614183,PMID29813147,29813147,31135817,n_c;n_t;outcome;reported_n;trial_true_n
DARIDOREXANT_INSOMNIA_AUTO_REVIEW,DARIDOREXANT_INSOMNIA_AUTO_REVIEW.html,DARIDOREXANT_INSOMNIA_AUTO_REVIEW:NCT03575104,NCT03575104,PMID35065036,35065036,35065710;35395205,n_c;n_t;outcome;reported_n;trial_true_n
DARIDOREXANT_INSOMNIA_AUTO_REVIEW,DARIDOREXANT_INSOMNIA_AUTO_REVIEW.html,DARIDOREXANT_INSOMNIA_AUTO_REVIEW:NCT03545191,NCT03545191,PMID35065036,35065036,35065710;35395205,n_c;n_t;outcome;reported_n;trial_true_n
DEFEROXAMINE_IRON_AUTO_REVIEW,DEFEROXAMINE_IRON_AUTO_REVIEW.html,DEFEROXAMINE_IRON_AUTO_REVIEW:NCT02041299,NCT02041299,PMID34847228,34847228,37368454,n_c;n_t;outcome;reported_n;trial_true_n
DOAC_AF_NMA_REVIEW,DOAC_AF_NMA_REVIEW.html,DOAC_AF_NMA_REVIEW:NCT00262600,NCT00262600,PMID19717844,19717844,,ci_hi;ci_lo;effect;n_c;n_t;outcome;reported_n;se;trial_true_n
DOAC_AF_REVIEW,DOAC_AF_REVIEW.html,DOAC_AF_REVIEW:NCT00262600,NCT00262600,PMID19717844,19717844,,ci_hi;ci_lo;effect;n_c;n_t;outcome;reported_n;se;trial_true_n
DOAC_VTE_NMA_REVIEW,DOAC_VTE_NMA_REVIEW.html,DOAC_VTE_NMA_REVIEW:NCT00986154,NCT00986154,PMID23991658,23991658,,ci_hi;ci_lo;e_c;e_t;effect;n_c;n_t;outcome;reported_events;reported_n;se;trial_true_n
EBOLA_VACCINE_REVIEW,EBOLA_VACCINE_REVIEW.html,EBOLA_VACCINE_REVIEW:LEGACY-PACTR-EBOLA-CI-RING,LEGACY-PACTR-EBOLA-CI-RING,PMID28017403,28017403,28024962;28170333,ci_hi;ci_lo;e_c;e_t;effect;n_c;n_t;outcome;reported_events;reported_n;se
ECULIZUMAB_GMG_AUTO_REVIEW,ECULIZUMAB_GMG_AUTO_REVIEW.html,ECULIZUMAB_GMG_AUTO_REVIEW:NCT01997229,NCT01997229,PMID29066163,29066163,29165251,n_c;n_t;outcome;reported_n;trial_true_n
ECULIZUMAB_MYASTHENIA_AUTO_REVIEW,ECULIZUMAB_MYASTHENIA_AUTO_REVIEW.html,ECULIZUMAB_MYASTHENIA_AUTO_REVIEW:NCT01997229,NCT01997229,PMID29066163,29066163,29165251,n_c;n_t;outcome;reported_n;trial_true_n
EDOXABAN_CANCER_VTE_AUTO_REVIEW,EDOXABAN_CANCER_VTE_AUTO_REVIEW.html,EDOXABAN_CANCER_VTE_AUTO_REVIEW:NCT02798471,NCT02798471,PMID23991658,23991658,,e_c;e_t;n_c;n_t;outcome;reported_events;reported_n;se;trial_true_n
EDOXABAN_VTE_AUTO_REVIEW,EDOXABAN_VTE_AUTO_REVIEW.html,EDOXABAN_VTE_AUTO_REVIEW:NCT02798471,NCT02798471,PMID23991658,23991658,,e_c;e_t;n_c;n_t;outcome;reported_events;reported_n;se;trial_true_n
ELACESTRANT_BC_REVIEW,ELACESTRANT_BC_REVIEW.html,ELACESTRANT_BC_REVIEW:NCT03778931,NCT03778931,PMID35584336,35584336,37364222,ci_hi;ci_lo;e_c;e_t;effect;n_c;n_t;outcome;reported_events;reported_n;se;trial_true_n
ENDOMETRIAL_IO_PARP_REVIEW,ENDOMETRIAL_IO_PARP_REVIEW.html,ENDOMETRIAL_IO_PARP_REVIEW:NCT04269200,NCT04269200,PMID37864337,37864337,39121439,ci_hi;ci_lo;effect;n_c;n_t;outcome;reported_n;se;trial_true_n
ENOXAPARIN_VTE_AUTO_REVIEW,ENOXAPARIN_VTE_AUTO_REVIEW.html,ENOXAPARIN_VTE_AUTO_REVIEW:NCT00362232,NCT00362232,PMID19411100,19411100,36502842,e_c;e_t;n_c;n_t;outcome;reported_events;reported_n;se;trial_true_n
ETANERCEPT_RA_AUTO_REVIEW,ETANERCEPT_RA_AUTO_REVIEW.html,ETANERCEPT_RA_AUTO_REVIEW:NCT01623752,NCT01623752,PMID36251174,36251174,37728862;38019453,e_c;e_t;n_c;n_t;outcome;reported_events;reported_n;se;trial_true_n
ETANERCEPT_RA_AUTO_REVIEW,ETANERCEPT_RA_AUTO_REVIEW.html,ETANERCEPT_RA_AUTO_REVIEW:NCT00520572,NCT00520572,PMID22966146,22966146,,e_c;e_t;n_c;n_t;outcome;reported_events;reported_n;se;trial_true_n
ETRASIMOD_UC_REVIEW,ETRASIMOD_UC_REVIEW.html,ETRASIMOD_UC_REVIEW:NCT03945188,NCT03945188,PMID36871574,36871574,36965962,ci_hi;ci_lo;effect;n_c;n_t;outcome;reported_n;se;trial_true_n
EVINACUMAB_HOFH_AUTO_REVIEW,EVINACUMAB_HOFH_AUTO_REVIEW.html,EVINACUMAB_HOFH_AUTO_REVIEW:NCT04233918,NCT04233918,PMID37860863,37860863,40623081,e_c;e_t;n_c;n_t;outcome;reported_events;reported_n;se;trial_true_n
EVOBRUTINIB_MS_AUTO_REVIEW,EVOBRUTINIB_MS_AUTO_REVIEW.html,EVOBRUTINIB_MS_AUTO_REVIEW:NCT04338061,NCT04338061,PMID39307151,39307151,41864240,e_c;e_t;n_c;n_t;outcome;reported_events;reported_n;se;trial_true_n
EVOBRUTINIB_MS_AUTO_REVIEW,EVOBRUTINIB_MS_AUTO_REVIEW.html,EVOBRUTINIB_MS_AUTO_REVIEW:NCT04338022,NCT04338022,PMID39307151,39307151,41864240,e_c;e_t;n_c;n_t;outcome;reported_events;reported_n;se;trial_true_n
EVT_LARGECORE_REVIEW,EVT_LARGECORE_REVIEW.html,EVT_LARGECORE_REVIEW:NCT03876457,NCT03876457,PMID36762865,36762865,38265667,ci_hi;ci_lo;e_c;e_t;effect;n_c;n_t;outcome;reported_events;reported_n;se;trial_true_n
FARICIMAB_DME_AUTO_REVIEW,FARICIMAB_DME_AUTO_REVIEW.html,FARICIMAB_DME_AUTO_REVIEW:NCT04432831,NCT04432831,PMID41534798,41534798,42171540,e_c;e_t;n_c;n_t;outcome;reported_events;reported_n;se;trial_true_n
FCM_HF_REVIEW,FCM_HF_REVIEW.html,FCM_HF_REVIEW:NCT02937454,NCT02937454,PMID33197395,33197395,34838177,ci_hi;ci_lo;e_c;e_t;effect;n_c;n_t;outcome;reported_events;reported_n;se;trial_true_n
FEBUXOSTAT_GOUT_AUTO_REVIEW,FEBUXOSTAT_GOUT_AUTO_REVIEW.html,FEBUXOSTAT_GOUT_AUTO_REVIEW:NCT02579096,NCT02579096,PMID35434725,35434725,38319265;38319876,e_c;e_t;n_c;n_t;outcome;reported_events;reported_n;se;trial_true_n
FGFR_INHIBITORS_SOLID_REVIEW,FGFR_INHIBITORS_SOLID_REVIEW.html,FGFR_INHIBITORS_SOLID_REVIEW:NCT02924376,NCT02924376,PMID32203698,32203698,38181811,e_c;e_t;n_c;n_t;outcome;reported_events;reported_n;trial_true_n
FILGOTINIB_RA_AUTO_REVIEW,FILGOTINIB_RA_AUTO_REVIEW.html,FILGOTINIB_RA_AUTO_REVIEW:NCT02873936,NCT02873936,PMID31334793,31334793,32016292,e_c;e_t;n_c;n_t;outcome;reported_events;reported_n;se;trial_true_n
FRAGILITY_FRACTURE_REVIEW,FRAGILITY_FRACTURE_REVIEW.html,FRAGILITY_FRACTURE_REVIEW:NCT00089791,NCT00089791,PMID19671655,19671655,,ci_hi;ci_lo;e_c;e_t;effect;n_c;n_t;outcome;reported_events;reported_n;se;trial_true_n
GANTENERUMAB_AD_AUTO_REVIEW,GANTENERUMAB_AD_AUTO_REVIEW.html,GANTENERUMAB_AD_AUTO_REVIEW:NCT04374253,NCT04374253,PMID39556389,39556389,39992631,e_c;e_t;n_c;n_t;outcome;reported_events;reported_n;se;trial_true_n
GIVINOSTAT_DMD_AUTO_REVIEW,GIVINOSTAT_DMD_AUTO_REVIEW.html,GIVINOSTAT_DMD_AUTO_REVIEW:NCT02851797,NCT02851797,PMID38508835,38508835,38643778;39030045,e_c;e_t;n_c;n_t;outcome;reported_events;reported_n;se;trial_true_n
GLP1_MASH_REVIEW,GLP1_MASH_REVIEW.html,GLP1_MASH_REVIEW:NCT04166773,NCT04166773,PMID38856224,38856224,41880634,ci_hi;ci_lo;effect;n_c;n_t;outcome;reported_n;se;trial_true_n
HCC_1L_REVIEW,HCC_1L_REVIEW.html,HCC_1L_REVIEW:NCT03713593,NCT03713593,PMID38039993,38039993,38547896,ci_hi;ci_lo;effect;n_c;n_t;outcome;reported_n;se;trial_true_n
HDM_AIT_AUTO_REVIEW,HDM_AIT_AUTO_REVIEW.html,HDM_AIT_AUTO_REVIEW:NCT00200850,NCT00200850,PMID21333346,21333346,,n_c;n_t;outcome;reported_n;trial_true_n
HEMOPHILIA_FACTOR_PROPHYLAXIS_REVIEW,HEMOPHILIA_FACTOR_PROPHYLAXIS_REVIEW.html,HEMOPHILIA_FACTOR_PROPHYLAXIS_REVIEW:NCT04082429,NCT04082429,PMID39521008,39521008,39638539,ci_hi;ci_lo;effect;n_c;n_t;outcome;reported_n;se;trial_true_n
ICAGEN_AUTO_REVIEW,ICAGEN_AUTO_REVIEW.html,ICAGEN_AUTO_REVIEW:NCT02798471,NCT02798471,PMID23991658,23991658,,e_c;e_t;n_c;n_t;outcome;reported_events;reported_n;se;trial_true_n
ICODEC_DIABETES_MELLITUS_AUTO_REVIEW,ICODEC_DIABETES_MELLITUS_AUTO_REVIEW.html,ICODEC_DIABETES_MELLITUS_AUTO_REVIEW:NCT04770532,NCT04770532,PMID37148899,37148899,37263283,e_c;e_t;n_c;n_t;outcome;reported_events;reported_n;se;trial_true_n
IDELALISIB_LEUKEMIA_AUTO_REVIEW,IDELALISIB_LEUKEMIA_AUTO_REVIEW.html,IDELALISIB_LEUKEMIA_AUTO_REVIEW:NCT04666038,NCT04666038,PMID40479620,40479620,40577663;40729625,e_c;e_t;n_c;n_t;outcome;reported_events;reported_n;se;trial_true_n
IL23_PSA_REVIEW,IL23_PSA_REVIEW.html,IL23_PSA_REVIEW:NCT03162796,NCT03162796,PMID32178765,32178765,32203692,ci_hi;ci_lo;e_c;e_t;effect;n_c;n_t;outcome;reported_events;reported_n;se;trial_true_n
IL_PSORIASIS_NMA_REVIEW,IL_PSORIASIS_NMA_REVIEW.html,IL_PSORIASIS_NMA_REVIEW:NCT03370133,NCT03370133,PMID33549193,33549193,33610212,ci_hi;ci_lo;e_c;e_t;effect;n_c;n_t;outcome;reported_events;reported_n;se;trial_true_n
INCRETINS_T2D_NMA_REVIEW,INCRETINS_T2D_NMA_REVIEW.html,INCRETINS_T2D_NMA_REVIEW:NCT03954834,NCT03954834,PMID34186022,34186022,34274062,ci_hi;ci_lo;e_c;e_t;effect;n_c;n_t;outcome;reported_events;reported_n;se;trial_true_n
INCRETINS_T2D_NMA_REVIEW,INCRETINS_T2D_NMA_REVIEW.html,INCRETINS_T2D_NMA_REVIEW:NCT01624259,NCT01624259,PMID25018121,25018121,,ci_hi;ci_lo;e_c;e_t;effect;n_c;n_t;outcome;reported_events;reported_n;se;trial_true_n
INCRETINS_T2D_NMA_REVIEW,INCRETINS_T2D_NMA_REVIEW.html,INCRETINS_T2D_NMA_REVIEW:NCT02863419,NCT02863419,PMID31186120,31186120,31282364,ci_hi;ci_lo;e_c;e_t;effect;n_c;n_t;outcome;reported_events;reported_n;se;trial_true_n
INCRETINS_T2D_NMA_REVIEW,INCRETINS_T2D_NMA_REVIEW.html,INCRETINS_T2D_NMA_REVIEW:NCT04537923,NCT04537923,PMID37786396,37786396,37883095;40136274,ci_hi;ci_lo;e_c;e_t;effect;n_c;n_t;outcome;reported_events;reported_n;se;trial_true_n
INDACATEROL_COPD_AUTO_REVIEW,INDACATEROL_COPD_AUTO_REVIEW.html,INDACATEROL_COPD_AUTO_REVIEW:NCT01315249,NCT01315249,PMID24321804,24321804,,e_c;e_t;n_c;n_t;outcome;reported_events;reported_n;se;trial_true_n
INDACATEROL_GLYCOPYR_COPD_AUTO_REVIEW,INDACATEROL_GLYCOPYR_COPD_AUTO_REVIEW.html,INDACATEROL_GLYCOPYR_COPD_AUTO_REVIEW:NCT01315249,NCT01315249,PMID24321804,24321804,,e_c;e_t;n_c;n_t;outcome;reported_events;reported_n;se;trial_true_n
INSULIN_ICODEC_REVIEW,INSULIN_ICODEC_REVIEW.html,INSULIN_ICODEC_REVIEW:NCT04770532,NCT04770532,PMID37148899,37148899,37263283,n_c;n_t;outcome;reported_n;trial_true_n
IV_IRON_HF_REVIEW,IV_IRON_HF_REVIEW.html,IV_IRON_HF_REVIEW:NCT02937454,NCT02937454,PMID33197395,33197395,34838177,ci_hi;ci_lo;e_c;e_t;effect;n_c;n_t;outcome;reported_events;reported_n;se;trial_true_n
JAKI_RA_NMA_REVIEW,JAKI_RA_NMA_REVIEW.html,JAKI_RA_NMA_REVIEW:NULLED:NCT00853385,NULLED:NCT00853385,PMID22873531,22873531,,ci_hi;ci_lo;e_c;e_t;effect;n_c;n_t;outcome;reported_events;reported_n;se;trial_true_n
KARXT_SCZ_REVIEW,KARXT_SCZ_REVIEW.html,KARXT_SCZ_REVIEW:NCT04659161,NCT04659161,PMID38104575,38104575,38823993,n_c;n_t;outcome;reported_n;trial_true_n
KARXT_SCZ_REVIEW,KARXT_SCZ_REVIEW.html,KARXT_SCZ_REVIEW:NCT04738123,NCT04738123,PMID38691387,38691387,38958995,n_c;n_t;outcome;reported_n;trial_true_n
MARALIXIBAT_PFIC_REVIEW,MARALIXIBAT_PFIC_REVIEW.html,MARALIXIBAT_PFIC_REVIEW:NCT03905330,NCT03905330,PMID38723644,38723644,38870976,ci_hi;ci_lo;e_c;e_t;effect;n_c;n_t;outcome;reported_events;reported_n;se;trial_true_n
MAVACAMTEN_HCM_REVIEW,MAVACAMTEN_HCM_REVIEW.html,MAVACAMTEN_HCM_REVIEW:NCT03470545,NCT03470545,PMID32871100,32871100,32919516,ci_hi;ci_lo;e_c;e_t;effect;n_c;n_t;outcome;reported_events;reported_n;se;trial_true_n
METHADONE_OUD_AUTO_REVIEW,METHADONE_OUD_AUTO_REVIEW.html,METHADONE_OUD_AUTO_REVIEW:NCT04491968,NCT04491968,PMID38061786,38061786,38265794,e_c;e_t;n_c;n_t;outcome;reported_events;reported_n;se;trial_true_n
METHYLNALTREXONE_OIC_AUTO_REVIEW,METHYLNALTREXONE_OIC_AUTO_REVIEW.html,METHYLNALTREXONE_OIC_AUTO_REVIEW:NCT01186770,NCT01186770,PMID33788162,33788162,33890230,e_c;e_t;n_c;n_t;outcome;reported_events;reported_n;se;trial_true_n
MIRIKIZUMAB_UC_REVIEW,MIRIKIZUMAB_UC_REVIEW.html,MIRIKIZUMAB_UC_REVIEW:NCT03518086,NCT03518086,PMID37379135,37379135,37611136,ci_hi;ci_lo;effect;n_c;n_t;outcome;reported_n;se;trial_true_n
MS_BTKI_REVIEW,MS_BTKI_REVIEW.html,MS_BTKI_REVIEW:NCT04338022,NCT04338022,PMID39307151,39307151,41864240,ci_hi;ci_lo;effect;n_c;n_t;outcome;reported_n;se;trial_true_n
NETARSUDIL_GLAUCOMA_AUTO_REVIEW,NETARSUDIL_GLAUCOMA_AUTO_REVIEW.html,NETARSUDIL_GLAUCOMA_AUTO_REVIEW:NCT02057575,NCT02057575,PMID26209587,26209587,28319936,n_c;n_t;outcome;reported_n;trial_true_n
NETARSUDIL_OCULAR_HYPERTENSION_AUTO_REVIEW,NETARSUDIL_OCULAR_HYPERTENSION_AUTO_REVIEW.html,NETARSUDIL_OCULAR_HYPERTENSION_AUTO_REVIEW:NCT02057575,NCT02057575,PMID26209587,26209587,28319936,n_c;n_t;outcome;reported_n;trial_true_n
NIRSEVIMAB_INFANT_RSV_REVIEW,NIRSEVIMAB_INFANT_RSV_REVIEW.html,NIRSEVIMAB_INFANT_RSV_REVIEW:NULLED:NCT02878330,NULLED:NCT02878330,PMID32726528,32726528,32730699,ci_hi;ci_lo;e_c;e_t;effect;n_c;n_t;outcome;reported_events;reported_n;se;trial_true_n
OLANZAPINE_CINV_AUTO_REVIEW,OLANZAPINE_CINV_AUTO_REVIEW.html,OLANZAPINE_CINV_AUTO_REVIEW:NCT02755116,NCT02755116,PMID32229754,32229754,32516149,e_c;e_t;n_c;n_t;outcome;reported_events;reported_n;se;trial_true_n
PACRITINIB_MF_AUTO_REVIEW,PACRITINIB_MF_AUTO_REVIEW.html,PACRITINIB_MF_AUTO_REVIEW:NCT04884191,NCT04884191,PMID34551507,34551507,38562076,e_c;e_t;n_c;n_t;outcome;reported_events;reported_n;se;trial_true_n
PARP_ARPI_MCRPC_REVIEW,PARP_ARPI_MCRPC_REVIEW.html,PARP_ARPI_MCRPC_REVIEW:NCT03732820,NCT03732820,PMID37714168,37714168,38697163,ci_hi;ci_lo;effect;n_c;n_t;outcome;reported_n;se;trial_true_n
PARP_ARPI_MCRPC_REVIEW,PARP_ARPI_MCRPC_REVIEW.html,PARP_ARPI_MCRPC_REVIEW:NCT03395197,NCT03395197,PMID37285865,37285865,37481270,ci_hi;ci_lo;effect;n_c;n_t;outcome;reported_n;se;trial_true_n
PHENTERMINE_TOPIRAMATE_OBESITY_AUTO_REVIEW,PHENTERMINE_TOPIRAMATE_OBESITY_AUTO_REVIEW.html,PHENTERMINE_TOPIRAMATE_OBESITY_AUTO_REVIEW:NCT03374956,NCT03374956,PMID33759389,33759389,34156162;35611684,e_c;e_t;n_c;n_t;outcome;reported_events;reported_n;se;trial_true_n
PITAVASTATIN_AUTO_REVIEW,PITAVASTATIN_AUTO_REVIEW.html,PITAVASTATIN_AUTO_REVIEW:NCT00309777,NCT00309777,PMID19785568,19785568,,e_c;e_t;n_c;n_t;outcome;reported_events;reported_n;se;trial_true_n
PNEUMONIA_AMOXICILLIN_DURATION_REVIEW,PNEUMONIA_AMOXICILLIN_DURATION_REVIEW.html,PNEUMONIA_AMOXICILLIN_DURATION_REVIEW:LEGACY-ISRCTN-76888927-CAP-IT,LEGACY-ISRCTN-76888927-CAP-IT,PMID34726708,34726708,34874442,ci_hi;ci_lo;e_c;e_t;effect;n_c;n_t;outcome;reported_events;reported_n;se
PROSTATE_AR_NEXT_GEN_REVIEW,PROSTATE_AR_NEXT_GEN_REVIEW.html,PROSTATE_AR_NEXT_GEN_REVIEW:NCT02200614,NCT02200614,PMID30763142,30763142,36053527,ci_hi;ci_lo;e_c;e_t;effect;n_c;n_t;outcome;reported_events;reported_n;se;trial_true_n
RALTEGRAVIR_HIV_AUTO_REVIEW,RALTEGRAVIR_HIV_AUTO_REVIEW.html,RALTEGRAVIR_HIV_AUTO_REVIEW:NCT01618305,NCT01618305,PMID32386720,32386720,32531263,e_c;e_t;n_c;n_t;outcome;reported_events;reported_n;se;trial_true_n
REMDESIVIR_COVID_AUTO_REVIEW,REMDESIVIR_COVID_AUTO_REVIEW.html,REMDESIVIR_COVID_AUTO_REVIEW:NCT05780437,NCT05780437,PMID35817072,35817072,36356600,e_c;e_t;n_c;n_t;outcome;reported_events;reported_n;se;trial_true_n
RENAL_DENERV_REVIEW,RENAL_DENERV_REVIEW.html,RENAL_DENERV_REVIEW:NCT02439749_ON,NCT02439749_ON,PMID29803590,29803590,30215379,n_c;n_t;outcome;reported_n;trial_true_n
RENAL_DENERV_REVIEW,RENAL_DENERV_REVIEW.html,RENAL_DENERV_REVIEW:NULLED:NCT03614260,NULLED:NCT03614260,PMID36853250,36853250,37314287,n_c;n_t;outcome;reported_n;trial_true_n
ROCKLATAN_GLAUCOMA_AUTO_REVIEW,ROCKLATAN_GLAUCOMA_AUTO_REVIEW.html,ROCKLATAN_GLAUCOMA_AUTO_REVIEW:NCT02057575,NCT02057575,PMID26209587,26209587,28319936,n_c;n_t;outcome;reported_n;trial_true_n
SEVERE_PEDIATRIC_FEBRILE_AFRICA_REVIEW,SEVERE_PEDIATRIC_FEBRILE_AFRICA_REVIEW.html,SEVERE_PEDIATRIC_FEBRILE_AFRICA_REVIEW:LEGACY-ISRCTN-50258054-AQUAMAT,LEGACY-ISRCTN-50258054-AQUAMAT,PMID21062666,21062666,,ci_hi;ci_lo;e_c;e_t;effect;n_c;n_t;outcome;reported_events;reported_n;se
SIRUKUMAB_ARTHRITIS_RHEUMATOID_AUTO_REVIEW,SIRUKUMAB_ARTHRITIS_RHEUMATOID_AUTO_REVIEW.html,SIRUKUMAB_ARTHRITIS_RHEUMATOID_AUTO_REVIEW:NCT01606761,NCT01606761,PMID28215362,28215362,28534752,e_c;e_t;n_c;n_t;outcome;reported_events;reported_n;se;trial_true_n
SPONDYLOARTHRITIS_REVIEW,SPONDYLOARTHRITIS_REVIEW.html,SPONDYLOARTHRITIS_REVIEW:NCT03928704,NCT03928704,PMID36649967,36649967,37402489,ci_hi;ci_lo;effect;n_c;n_t;outcome;reported_n;se;trial_true_n
TEPOTINIB_LUNG_AUTO_REVIEW,TEPOTINIB_LUNG_AUTO_REVIEW.html,TEPOTINIB_LUNG_AUTO_REVIEW:NCT01982955,NCT01982955,PMID32479794,32479794,32563277,e_c;e_t;n_c;n_t;outcome;reported_events;reported_n;se;trial_true_n
TERIFLUNOMIDE_MS_AUTO_REVIEW,TERIFLUNOMIDE_MS_AUTO_REVIEW.html,TERIFLUNOMIDE_MS_AUTO_REVIEW:NCT04338061,NCT04338061,PMID39307151,39307151,41864240,e_c;e_t;n_c;n_t;outcome;reported_events;reported_n;se;trial_true_n
TIRZEPATIDE_NASH_AUTO_REVIEW,TIRZEPATIDE_NASH_AUTO_REVIEW.html,TIRZEPATIDE_NASH_AUTO_REVIEW:NCT04166773,NCT04166773,PMID38856224,38856224,41880634,e_c;e_t;n_c;n_t;outcome;reported_events;reported_n;trial_true_n
TIRZEPATIDE_OBESITY_REVIEW,TIRZEPATIDE_OBESITY_REVIEW.html,TIRZEPATIDE_OBESITY_REVIEW:NCT04657016,NCT04657016,PMID37840095,37840095,38409593,n_c;n_t;outcome;reported_n;trial_true_n
TIRZEPATIDE_T2D_REVIEW,TIRZEPATIDE_T2D_REVIEW.html,TIRZEPATIDE_T2D_REVIEW:NCT03954834,NCT03954834,PMID34186022,34186022,34274062,n_c;n_t;outcome;reported_n;trial_true_n
UC_BIOLOGICS_NMA_REVIEW,UC_BIOLOGICS_NMA_REVIEW.html,UC_BIOLOGICS_NMA_REVIEW:NCT03518086,NCT03518086,PMID37379135,37379135,37611136,ci_hi;ci_lo;effect;n_c;n_t;outcome;reported_n;se;trial_true_n
VIASKIN_PEANUT_AUTO_REVIEW,VIASKIN_PEANUT_AUTO_REVIEW.html,VIASKIN_PEANUT_AUTO_REVIEW:NCT02223182,NCT02223182,PMID38407859,38407859,38557707;38739378,e_c;e_t;n_c;n_t;outcome;reported_events;reported_n;se;trial_true_n
VITAMIN_C_THIAMINE_SEPSIS_REVIEW,VITAMIN_C_THIAMINE_SEPSIS_REVIEW.html,VITAMIN_C_THIAMINE_SEPSIS_REVIEW:NCT02106975,NCT02106975,PMID31573637,31573637,31990296,ci_hi;ci_lo;effect;n_c;n_t;outcome;reported_n;se;trial_true_n
VITAMIN_D_FRACTURE_FALL_REVIEW,VITAMIN_D_FRACTURE_FALL_REVIEW.html,VITAMIN_D_FRACTURE_FALL_REVIEW:LEGACY-ACTRN12613000743763-DHEALTH,LEGACY-ACTRN12613000743763-DHEALTH,PMID35026158,35026158,35325597,ci_hi;ci_lo;e_c;e_t;effect;n_c;n_t;outcome;reported_events;reported_n;se
ZOLBETUXIMAB_GASTRIC_REVIEW,ZOLBETUXIMAB_GASTRIC_REVIEW.html,ZOLBETUXIMAB_GASTRIC_REVIEW:NCT03504397,NCT03504397,PMID37068504,37068504,37481269;38101428,ci_hi;ci_lo;e_c;e_t;effect;n_c;n_t;outcome;reported_events;reported_n;se;trial_true_n
