trial,nct,pmid,cell,arm,value,ci_low,ci_high,p_value,source_tier,pointer,read_or_digitised,notes
PARACHUTE-HF,NCT04023227,41335448,randomised_n,sacubitril_valsartan,462,,,,T1-MAIN;T2-REG,"JAMA 2026;335:49-59 Table 2; CTG participantFlow STARTED FG000",read,
PARACHUTE-HF,NCT04023227,41335448,randomised_n,enalapril,460,,,,T1-MAIN;T2-REG,"JAMA Table 2; CTG participantFlow STARTED FG001",read,
PARACHUTE-HF,NCT04023227,41335448,randomised_n,total,922,,,,T1-ABS,"JAMA abstract Results",read,
PARACHUTE-HF,NCT04023227,41335448,design,both,open-label with blinded endpoint adjudication; ITT,,,,T1-MAIN,"JAMA main text",read,
PARACHUTE-HF,NCT04023227,41335448,sites_n,total,83,,,,T1-MAIN,"JAMA main text",read,Brazil Argentina Colombia Mexico
PARACHUTE-HF,NCT04023227,41335448,enrolment_window,total,2019-12-10 to 2023-09-13,,,,T1-MAIN,"JAMA main text",read,
PARACHUTE-HF,NCT04023227,41335448,median_followup_months,total,25.2,18.4,33.2,,T1-MAIN,"JAMA main text (IQR not CI)",read,IQR
PARACHUTE-HF,NCT04023227,41335448,loss_to_followup,total,none,,,,T1-MAIN,"JAMA main text",read,
PARACHUTE-HF,NCT04023227,41335448,withdrew_consent_n,sacubitril_valsartan,2,,,,T1-MAIN;T2-REG,"JAMA main text; CTG dropWithdraws",read,
PARACHUTE-HF,NCT04023227,41335448,withdrew_consent_n,enalapril,8,,,,T1-MAIN;T2-REG,"JAMA main text; CTG dropWithdraws",read,
PARACHUTE-HF,NCT04023227,41335448,mean_age_years,total,64.2,,,,T1-ABS;T2-REG,"JAMA abstract; CTG baseline Age Continuous BG002 spread 10.8",read,SD 10.8
PARACHUTE-HF,NCT04023227,41335448,female_n,total,387,,,,T1-ABS;T2-REG,"JAMA abstract (42.0%); CTG baseline Female BG002",read,
PARACHUTE-HF,NCT04023227,40916703,mean_lvef_pct,total,29.8,,,,T3-CONF;T5-SEC,"ESC 2025 press release; EJHF 2025;27:2879-2886 abstract",read,
PARACHUTE-HF,NCT04023227,41335448,completed_n,sacubitril_valsartan,333,,,,T2-REG,"CTG participantFlow COMPLETED FG000",read,
PARACHUTE-HF,NCT04023227,41335448,completed_n,enalapril,318,,,,T2-REG,"CTG participantFlow COMPLETED FG001",read,
PARACHUTE-HF,NCT04023227,41335448,superiority_rule,both,"win ratio >1 AND HR point estimate <1.0 for both CV death and HF hospitalisation",,,,T1-MAIN,"JAMA main text; JACC HF design paper PMID 39111953",read,prespecified composite rule
PARACHUTE-HF,NCT04023227,41335448,correction_notice,both,article corrected 22 Jan 2026 (coauthor affiliation only),,,,T1-MAIN,"JAMA correction notice",read,no data affected
PARACHUTE-HF,NCT04023227,41335448,all_cause_death_n,sacubitril_valsartan,129,,,,T1-MAIN;T2-REG,"JAMA Table 2 (27.9%; 12.9 per 100 patient-years); CTG All Collected Deaths",read,
PARACHUTE-HF,NCT04023227,41335448,all_cause_death_n,enalapril,134,,,,T1-MAIN;T2-REG,"JAMA Table 2 (29.1%; 13.5 per 100 patient-years); CTG All Collected Deaths",read,
PARACHUTE-HF,NCT04023227,41335448,all_cause_death_HR,sv_vs_ena,0.98,0.77,1.25,0.88,T1-MAIN,"JAMA Table 2",read,PREVIOUSLY MIS-RECORDED as not_computed_reason - was in main text all along; earlier gap was a blocked fetch not a data absence
PARACHUTE-HF,NCT04023227,41335448,all_cause_death_adj_abs_diff,sv_vs_ena,-1.1,-6.9,4.7,,T1-MAIN,"JAMA Table 2",read,
PARACHUTE-HF,NCT04023227,41335448,cv_death_n,sacubitril_valsartan,110,,,,T1-MAIN;T1-ABS,"JAMA Table 2 (23.8%; 11.0 per 100 patient-years)",read,
PARACHUTE-HF,NCT04023227,41335448,cv_death_n,enalapril,117,,,,T1-MAIN;T1-ABS,"JAMA Table 2 (25.4%; 11.7 per 100 patient-years)",read,
PARACHUTE-HF,NCT04023227,41335448,cv_death_HR,sv_vs_ena,0.95,0.73,1.23,0.70,T1-MAIN,"JAMA Table 2",read,UPGRADED from T3-CONF (ESC press release)
PARACHUTE-HF,NCT04023227,41335448,first_hf_hosp_n,sacubitril_valsartan,102,,,,T1-MAIN;T1-ABS,"JAMA Table 2 (22.1%; 11.0 per 100 patient-years)",read,
PARACHUTE-HF,NCT04023227,41335448,first_hf_hosp_n,enalapril,111,,,,T1-MAIN;T1-ABS,"JAMA Table 2 (24.1%; 12.4 per 100 patient-years)",read,
PARACHUTE-HF,NCT04023227,41335448,first_hf_hosp_HR,sv_vs_ena,0.92,0.70,1.20,0.52,T1-MAIN,"JAMA Table 2",read,UPGRADED from T3-CONF
PARACHUTE-HF,NCT04023227,41335448,first_hf_hosp_subdistribution_HR,sv_vs_ena,0.74,0.49,1.14,0.17,T1-MAIN,"JAMA Table 2",read,NEW - Fine-Gray with death as competing risk; not in any prior source
PARACHUTE-HF,NCT04023227,41335448,composite_cvdeath_or_hfhosp_n,sacubitril_valsartan,155,,,,T1-MAIN,"JAMA Table 2 (33.5%; 16.8 per 100 patient-years)",read,NEW counts - previously only percentages from CTG
PARACHUTE-HF,NCT04023227,41335448,composite_cvdeath_or_hfhosp_n,enalapril,169,,,,T1-MAIN,"JAMA Table 2 (36.7%; 18.8 per 100 patient-years)",read,NEW counts
PARACHUTE-HF,NCT04023227,41335448,composite_cvdeath_or_hfhosp_HR,sv_vs_ena,0.91,0.73,1.13,0.40,T1-MAIN,"JAMA Table 2",read,UPGRADED from T5-SEC; P value newly recovered
PARACHUTE-HF,NCT04023227,41335448,sudden_death_or_resusc_sca_n,sacubitril_valsartan,46,,,,T1-MAIN;T2-REG,"JAMA Table 2 (10.0%); CTG secondary outcome",read,
PARACHUTE-HF,NCT04023227,41335448,sudden_death_or_resusc_sca_n,enalapril,39,,,,T1-MAIN;T2-REG,"JAMA Table 2 (8.5%); CTG secondary outcome",read,
PARACHUTE-HF,NCT04023227,41335448,sudden_death_or_resusc_sca_HR,sv_vs_ena,1.17,0.76,1.80,0.48,T1-MAIN,"JAMA Table 2",read,NEW - only outcome whose point estimate favours enalapril
PARACHUTE-HF,NCT04023227,41335448,ed_visit_hf_n,sacubitril_valsartan,23,,,,T1-MAIN;T2-REG,"JAMA Table 2; CTG secondary outcome",read,
PARACHUTE-HF,NCT04023227,41335448,ed_visit_hf_n,enalapril,21,,,,T1-MAIN;T2-REG,"JAMA Table 2; CTG secondary outcome",read,
PARACHUTE-HF,NCT04023227,41335448,ed_visit_hf_rate_ratio,sv_vs_ena,1.12,0.48,2.58,0.80,T1-MAIN,"JAMA Table 2",read,NEW
PARACHUTE-HF,NCT04023227,41335448,days_alive_out_of_hospital_1y_mean,sacubitril_valsartan,339,,,,T1-MAIN;T2-REG,"JAMA Table 2 SD 72 n=461; CTG secondary outcome",read,SD 72
PARACHUTE-HF,NCT04023227,41335448,days_alive_out_of_hospital_1y_mean,enalapril,338,,,,T1-MAIN;T2-REG,"JAMA Table 2 SD 71 n=455; CTG secondary outcome",read,SD 71
PARACHUTE-HF,NCT04023227,41335448,days_alive_out_of_hospital_1y_diff,sv_vs_ena,1.1,-8.2,10.4,0.82,T1-MAIN,"JAMA Table 2",read,NEW
PARACHUTE-HF,NCT04023227,41335448,recurrent_hfhosp_or_cvdeath_events,sacubitril_valsartan,289,,,,T1-MAIN;T2-REG,"JAMA Table 2 (28.9 per 100 patient-years); CTG secondary outcome",read,total events not patients
PARACHUTE-HF,NCT04023227,41335448,recurrent_hfhosp_or_cvdeath_events,enalapril,316,,,,T1-MAIN;T2-REG,"JAMA Table 2 (31.7 per 100 patient-years); CTG secondary outcome",read,total events not patients
PARACHUTE-HF,NCT04023227,41335448,recurrent_hfhosp_or_cvdeath_rate_ratio,sv_vs_ena,0.90,0.63,1.28,0.56,T1-MAIN,"JAMA Table 2",read,NEW
PARACHUTE-HF,NCT04023227,41335448,vf_or_sustained_vt_n,sacubitril_valsartan,42,,,,T2-REG,"CTG other outcome OG000",read,not in Table 2
PARACHUTE-HF,NCT04023227,41335448,vf_or_sustained_vt_n,enalapril,32,,,,T2-REG,"CTG other outcome OG001",read,not in Table 2
PARACHUTE-HF,NCT04023227,41335448,atp_or_shock_therapies_n,sacubitril_valsartan,17,,,,T2-REG,"CTG other outcome OG000",read,not in Table 2
PARACHUTE-HF,NCT04023227,41335448,atp_or_shock_therapies_n,enalapril,13,,,,T2-REG,"CTG other outcome OG001",read,not in Table 2
PARACHUTE-HF,NCT04023227,41335448,win_ratio_stratified,sv_vs_ena,1.524,1.282,1.819,<0.001,T1-SUPP,"Supplement 3 eFigure 2 p26 final box; eTable 4 p14 overall row",read,PRIMARY ENDPOINT; rounded to 1.52 (1.28-1.82) in main text and abstract
PARACHUTE-HF,NCT04023227,41335448,win_ratio_unstratified,sv_vs_ena,1.54,1.34,1.85,,T1-MAIN,"JAMA Table 2",read,NEW
PARACHUTE-HF,NCT04023227,41335448,total_matches,total,101477,,,,T1-SUPP,"Supplement 3 eFigure 2 p26 header box; eTable 4 p14 'total matches = 101477'",read,SUPERSEDES the 212520 figure in Cardiology Trials appraisal - see discrepancy rows
PARACHUTE-HF,NCT04023227,41335448,total_wins_unweighted,sacubitril_valsartan,48041,,,,T1-SUPP,"Supplement 3 eTable 4 p14 overall row (47.3%)",read,
PARACHUTE-HF,NCT04023227,41335448,total_wins_unweighted,enalapril,33790,,,,T1-SUPP,"Supplement 3 eTable 4 p14 overall row (33.3%)",read,
PARACHUTE-HF,NCT04023227,41335448,total_ties_unweighted,total,19646,,,,T1-SUPP,"Supplement 3 eTable 4 p14 overall row (19.4%)",read,
PARACHUTE-HF,NCT04023227,41335448,total_weighted_wins,sacubitril_valsartan,111.3,,,,T1-SUPP,"Supplement 3 eFigure 2 p26; eTable 4 p14",read,
PARACHUTE-HF,NCT04023227,41335448,total_weighted_wins,enalapril,73.0,,,,T1-SUPP,"Supplement 3 eFigure 2 p26; eTable 4 p14",read,
PARACHUTE-HF,NCT04023227,41335448,component_win_ratio_cv_death,sv_vs_ena,1.03,0.78,1.35,,T1-SUPP,"Supplement 3 eFigure 2 p26 - 46.6% of decisions; weighted wins 41.5 vs 40.5; ties 63384 (62.5%)",read,MAJOR NEW FINDING - printed text label not digitised
PARACHUTE-HF,NCT04023227,41335448,component_win_ratio_hf_hosp,sv_vs_ena,1.11,0.71,1.59,,T1-SUPP,"Supplement 3 eFigure 2 p26 - 17.4% of decisions; weighted wins 17.6 vs 16.0; ties 49184 (77.6%)",read,MAJOR NEW FINDING - printed text label not digitised
PARACHUTE-HF,NCT04023227,41335448,component_win_ratio_ntprobnp,sv_vs_ena,3.15,2.42,4.27,,T1-SUPP,"Supplement 3 eFigure 2 p26 - 36.1% of decisions; weighted wins 52.2 vs 16.0; ties 19646 (39.9%)",read,MAJOR NEW FINDING - biomarker layer drives the headline result
PARACHUTE-HF,NCT04023227,41335448,tier_contribution_pct_cv_death,total,46.6,,,,T1-MAIN;T1-SUPP,"JAMA main text; Supplement 3 eFigure 2 p26",read,% of decisions
PARACHUTE-HF,NCT04023227,41335448,tier_contribution_pct_hf_hosp,total,17.4,,,,T1-MAIN;T1-SUPP,"JAMA main text; Supplement 3 eFigure 2 p26",read,% of decisions
PARACHUTE-HF,NCT04023227,41335448,tier_contribution_pct_ntprobnp,total,36.1,,,,T1-MAIN;T1-SUPP,"JAMA main text; Supplement 3 eFigure 2 p26",read,% of decisions
PARACHUTE-HF,NCT04023227,41335448,win_ratio_by_country_brazil,sv_vs_ena,1.367,1.103,1.697,,T1-SUPP,"Supplement 3 eTable 4 p14",read,
PARACHUTE-HF,NCT04023227,41335448,win_ratio_by_country_argentina,sv_vs_ena,1.893,1.311,2.826,,T1-SUPP,"Supplement 3 eTable 4 p14",read,
PARACHUTE-HF,NCT04023227,41335448,win_ratio_by_country_colombia,sv_vs_ena,1.796,1.042,3.258,,T1-SUPP,"Supplement 3 eTable 4 p14",read,
PARACHUTE-HF,NCT04023227,41335448,win_ratio_by_country_mexico,sv_vs_ena,2.521,0.741,12.857,,T1-SUPP,"Supplement 3 eTable 4 p14",read,
PARACHUTE-HF,NCT04023227,41335448,win_ratio_sensitivity_per_protocol,sv_vs_ena,1.509,1.273,1.804,,T1-SUPP,"Supplement 3 eTable 6 p17; PP set N=450 SV and 447 ENA",read,NEW sensitivity analysis
PARACHUTE-HF,NCT04023227,41335448,win_ratio_sensitivity_total_death_first,sv_vs_ena,1.471,1.241,1.752,,T1-SUPP,"Supplement 3 eTable 7 p19",read,NEW sensitivity analysis
PARACHUTE-HF,NCT04023227,41335448,win_ratio_method,total,"Dong et al 2018 stratified statistic; country as stratum; 95% CI from 10000 bootstrap resamples",,,,T1-SUPP,"Supplement 3 eTable 4 p14 footnote",read,
PARACHUTE-HF,NCT04023227,41335448,ntprobnp_median_rel_change_wk12_pct,sacubitril_valsartan,-30.6,-54.3,-0.9,,T1-MAIN;T1-ABS,"JAMA Table 2; abstract (IQR not CI)",read,IQR
PARACHUTE-HF,NCT04023227,41335448,ntprobnp_median_rel_change_wk12_pct,enalapril,-5.5,-31.9,37.5,,T1-MAIN;T1-ABS,"JAMA Table 2; abstract (IQR not CI)",read,IQR
PARACHUTE-HF,NCT04023227,41335448,ntprobnp_mean_rel_change_wk12_pct,sacubitril_valsartan,-41.1,,,,T1-MAIN,"JAMA Table 2 SD 72.8",read,SD 72.8; CORRECTS my earlier flag - this pair is the MEAN not an error
PARACHUTE-HF,NCT04023227,41335448,ntprobnp_mean_rel_change_wk12_pct,enalapril,-1.5,,,,T1-MAIN,"JAMA Table 2 SD 66.3",read,SD 66.3
PARACHUTE-HF,NCT04023227,41335448,ntprobnp_n_analysed_wk12,sacubitril_valsartan,417,,,,T1-MAIN,"JAMA Table 2",read,DISAGREES with eTable 5 and CTG which both give 419 - see discrepancy
PARACHUTE-HF,NCT04023227,41335448,ntprobnp_n_analysed_wk12,enalapril,401,,,,T1-MAIN,"JAMA Table 2",read,DISAGREES with eTable 5 and CTG which both give 403 - see discrepancy
PARACHUTE-HF,NCT04023227,41335448,ntprobnp_geomean_factor_change_wk12,sacubitril_valsartan,0.62,0.56,0.69,,T1-SUPP;T2-REG,"Supplement 3 eTable 5 p16; CTG primary outcome OG000",read,
PARACHUTE-HF,NCT04023227,41335448,ntprobnp_geomean_factor_change_wk12,enalapril,0.91,0.82,1.01,,T1-SUPP;T2-REG,"Supplement 3 eTable 5 p16; CTG primary outcome OG001",read,
PARACHUTE-HF,NCT04023227,41335448,ntprobnp_geomean_ratio_wk12,sv_vs_ena,0.68,0.62,0.75,<0.001,T1-MAIN;T1-SUPP,"JAMA Table 2; Supplement 3 eTable 5 p16",read,UPGRADED from T3-CONF (ESC press release)
PARACHUTE-HF,NCT04023227,41335448,ntprobnp_adj_abs_diff_wk12,sv_vs_ena,-38.1,-28.6,-47.6,,T1-MAIN,"JAMA Table 2",read,NEW
PARACHUTE-HF,NCT04023227,41335448,ntprobnp_baseline_median_pgml,sacubitril_valsartan,1801.0,921.5,3685.8,,T1-SUPP,"Supplement 3 eTable 5 p16 n=460 (Q1 Q3 not CI)",read,Q1-Q3
PARACHUTE-HF,NCT04023227,41335448,ntprobnp_baseline_median_pgml,enalapril,1679.0,812.0,3220.0,,T1-SUPP,"Supplement 3 eTable 5 p16 n=457 (Q1 Q3 not CI)",read,Q1-Q3
PARACHUTE-HF,NCT04023227,41335448,ntprobnp_wk12_median_pgml,sacubitril_valsartan,1236.0,557.5,2608.0,,T1-SUPP,"Supplement 3 eTable 5 p16 (Q1 Q3 not CI)",read,Q1-Q3
PARACHUTE-HF,NCT04023227,41335448,ntprobnp_wk12_median_pgml,enalapril,1700.0,732.5,3531.5,,T1-SUPP,"Supplement 3 eTable 5 p16 (Q1 Q3 not CI)",read,Q1-Q3
PARACHUTE-HF,NCT04023227,41335448,ntprobnp_wk12_geomean_pgml,sacubitril_valsartan,1164.5,1020.1,1329.4,,T1-SUPP,"Supplement 3 eTable 5 p16",read,adjusted for country
PARACHUTE-HF,NCT04023227,41335448,ntprobnp_wk12_geomean_pgml,enalapril,1507.7,1318.4,1724.2,,T1-SUPP,"Supplement 3 eTable 5 p16",read,adjusted for country
PARACHUTE-HF,NCT04023227,41335448,ntprobnp_n_analysed_mo8,sacubitril_valsartan,231,,,,T1-SUPP,"Supplement 3 eTable 5 p16",read,NEW TIMEPOINT
PARACHUTE-HF,NCT04023227,41335448,ntprobnp_n_analysed_mo8,enalapril,220,,,,T1-SUPP,"Supplement 3 eTable 5 p16",read,NEW TIMEPOINT
PARACHUTE-HF,NCT04023227,41335448,ntprobnp_mo8_median_pgml,sacubitril_valsartan,1139.0,573.5,2345.5,,T1-SUPP,"Supplement 3 eTable 5 p16 (Q1 Q3 not CI)",read,Q1-Q3
PARACHUTE-HF,NCT04023227,41335448,ntprobnp_mo8_median_pgml,enalapril,1328.0,586.0,2549.8,,T1-SUPP,"Supplement 3 eTable 5 p16 (Q1 Q3 not CI)",read,Q1-Q3
PARACHUTE-HF,NCT04023227,41335448,ntprobnp_mo8_geomean_pgml,sacubitril_valsartan,1077.8,913.2,1272.1,,T1-SUPP,"Supplement 3 eTable 5 p16",read,
PARACHUTE-HF,NCT04023227,41335448,ntprobnp_mo8_geomean_pgml,enalapril,1219.3,1030.6,1442.6,,T1-SUPP,"Supplement 3 eTable 5 p16",read,
PARACHUTE-HF,NCT04023227,41335448,ntprobnp_geomean_factor_change_mo8,sacubitril_valsartan,0.66,0.55,0.79,,T1-SUPP,"Supplement 3 eTable 5 p16",read,NEW TIMEPOINT
PARACHUTE-HF,NCT04023227,41335448,ntprobnp_geomean_factor_change_mo8,enalapril,0.86,0.72,1.03,,T1-SUPP,"Supplement 3 eTable 5 p16",read,NEW TIMEPOINT
PARACHUTE-HF,NCT04023227,41335448,ntprobnp_geomean_ratio_mo8,sv_vs_ena,0.76,0.66,0.88,,T1-SUPP,"Supplement 3 eTable 5 p16",read,NEW - effect attenuates from 0.68 at wk12 to 0.76 at mo8 on reduced n
PARACHUTE-HF,NCT04023227,41335448,any_adverse_event_n,sacubitril_valsartan,331,,,,T1-MAIN,"JAMA Table 2 (71.6%)",read,NEW
PARACHUTE-HF,NCT04023227,41335448,any_adverse_event_n,enalapril,348,,,,T1-MAIN,"JAMA Table 2 (75.7%)",read,NEW
PARACHUTE-HF,NCT04023227,41335448,serious_ae_n,sacubitril_valsartan,211,,,,T1-MAIN,"JAMA Table 2 (45.7%)",read,DISAGREES with CTG which posts 169 - see discrepancy
PARACHUTE-HF,NCT04023227,41335448,serious_ae_n,enalapril,234,,,,T1-MAIN,"JAMA Table 2 (50.9%)",read,DISAGREES with CTG which posts 183 - see discrepancy
PARACHUTE-HF,NCT04023227,41335448,serious_ae_n_registry_definition,sacubitril_valsartan,169,,,,T2-REG,"CTG AE module seriousNumAffected EG000 numAtRisk 462",read,registry AE window first dose to end of treatment +30d max 55 months
PARACHUTE-HF,NCT04023227,41335448,serious_ae_n_registry_definition,enalapril,183,,,,T2-REG,"CTG AE module seriousNumAffected EG001 numAtRisk 460",read,
PARACHUTE-HF,NCT04023227,41335448,discontinuation_due_to_ae_n,sacubitril_valsartan,28,,,,T1-MAIN,"JAMA Table 2 (6.1%)",read,UPGRADED from T3-CONF; counts newly recovered
PARACHUTE-HF,NCT04023227,41335448,discontinuation_due_to_ae_n,enalapril,45,,,,T1-MAIN,"JAMA Table 2 (9.8%)",read,UPGRADED from T3-CONF
PARACHUTE-HF,NCT04023227,41335448,study_drug_permanent_discontinuation_n,sacubitril_valsartan,21,,,,T1-SUPP,"Supplement 3 eTable 2 p12 (4.5%)",read,DIFFERENT DEFINITION from discontinuation_due_to_ae - do not conflate
PARACHUTE-HF,NCT04023227,41335448,study_drug_permanent_discontinuation_n,enalapril,49,,,,T1-SUPP,"Supplement 3 eTable 2 p12 (10.7%)",read,DIFFERENT DEFINITION
PARACHUTE-HF,NCT04023227,41335448,permanent_discont_reason_ae_n,sacubitril_valsartan,7,,,,T1-SUPP,"Supplement 3 eTable 2 p12 (7/21 = 33.3%)",read,
PARACHUTE-HF,NCT04023227,41335448,permanent_discont_reason_ae_n,enalapril,15,,,,T1-SUPP,"Supplement 3 eTable 2 p12 (15/49 = 30.6%)",read,
PARACHUTE-HF,NCT04023227,41335448,symptomatic_hypotension_n,sacubitril_valsartan,146,,,,T1-MAIN,"JAMA Table 2 (31.6%)",read,UPGRADED from T3-CONF/T5-SEC
PARACHUTE-HF,NCT04023227,41335448,symptomatic_hypotension_n,enalapril,126,,,,T1-MAIN,"JAMA Table 2 (27.4%)",read,UPGRADED from T3-CONF/T5-SEC
PARACHUTE-HF,NCT04023227,41335448,symptomatic_hypotension_rate_ratio,sv_vs_ena,1.28,0.96,1.70,,T1-MAIN,"JAMA Table 2",read,UPGRADED from T5-SEC
PARACHUTE-HF,NCT04023227,41335448,kidney_dysfunction_n,sacubitril_valsartan,101,,,,T1-MAIN,"JAMA Table 2 (21.9%)",read,NEW
PARACHUTE-HF,NCT04023227,41335448,kidney_dysfunction_n,enalapril,92,,,,T1-MAIN,"JAMA Table 2 (20.0%)",read,NEW
PARACHUTE-HF,NCT04023227,41335448,hyperkalemia_n,sacubitril_valsartan,91,,,,T1-MAIN,"JAMA Table 2 (19.7%)",read,NEW
PARACHUTE-HF,NCT04023227,41335448,hyperkalemia_n,enalapril,101,,,,T1-MAIN,"JAMA Table 2 (22.0%)",read,NEW
PARACHUTE-HF,NCT04023227,41335448,arrhythmia_ae_n,sacubitril_valsartan,77,,,,T1-MAIN,"JAMA Table 2 (16.7%)",read,NEW
PARACHUTE-HF,NCT04023227,41335448,arrhythmia_ae_n,enalapril,73,,,,T1-MAIN,"JAMA Table 2 (15.9%)",read,NEW
PARACHUTE-HF,NCT04023227,41335448,angioedema_n,sacubitril_valsartan,2,,,,T1-MAIN,"JAMA Table 2 (0.4%)",read,NEW
PARACHUTE-HF,NCT04023227,41335448,angioedema_n,enalapril,4,,,,T1-MAIN,"JAMA Table 2 (0.9%)",read,NEW
PARACHUTE-HF,NCT04023227,41335448,ae_discont_cough_n,sacubitril_valsartan,0,,,,T1-SUPP,"Supplement 3 eTable 9 p22",read,dominant single driver of the discontinuation difference
PARACHUTE-HF,NCT04023227,41335448,ae_discont_cough_n,enalapril,20,,,,T1-SUPP,"Supplement 3 eTable 9 p22",read,dominant single driver of the discontinuation difference
PARACHUTE-HF,NCT04023227,41335448,ae_discont_hypotension_n,sacubitril_valsartan,3,,,,T1-SUPP,"Supplement 3 eTable 9 p22",read,
PARACHUTE-HF,NCT04023227,41335448,ae_discont_hypotension_n,enalapril,1,,,,T1-SUPP,"Supplement 3 eTable 9 p22",read,
PARACHUTE-HF,NCT04023227,41335448,ae_discont_acute_kidney_injury_n,sacubitril_valsartan,1,,,,T1-SUPP,"Supplement 3 eTable 9 p22",read,
PARACHUTE-HF,NCT04023227,41335448,ae_discont_acute_kidney_injury_n,enalapril,3,,,,T1-SUPP,"Supplement 3 eTable 9 p22",read,
PARACHUTE-HF,NCT04023227,41335448,etable9_total_column,both,INTERNALLY INCONSISTENT,,,,T1-SUPP,"Supplement 3 eTable 9 pp22-23",read,PUBLISHED TYPESETTING ERROR - Total column equals Enalapril column wherever SV>0; verified at word-coordinate level; use per-arm columns only; not corrected by summation
PARACHUTE-HF,NCT04023227,41335448,at_target_dose_wk12,sacubitril_valsartan,270,,,,T1-SUPP,"Supplement 3 eFigure 1 p24 W12 Level 3 = 270/447 (60.4%)",read,UPGRADED from T5-SEC; denominator 447 newly visible
PARACHUTE-HF,NCT04023227,41335448,at_target_dose_wk12,enalapril,271,,,,T1-SUPP,"Supplement 3 eFigure 1 p24 W12 Level 3 = 271/441 (61.5%)",read,UPGRADED from T5-SEC; denominator 441 newly visible
PARACHUTE-HF,NCT04023227,41335448,months_on_study_medication_median,sacubitril_valsartan,24.2,17.2,32.5,,T1-SUPP,"Supplement 3 eTable 2 p12 (Q1 Q3 not CI)",read,Q1-Q3
PARACHUTE-HF,NCT04023227,41335448,months_on_study_medication_median,enalapril,20.8,8.6,30.2,,T1-SUPP,"Supplement 3 eTable 2 p12 (Q1 Q3 not CI)",read,Q1-Q3
PARACHUTE-HF,NCT04023227,41335448,pct_followup_on_drug_mean,sacubitril_valsartan,91.2,,,,T1-SUPP,"Supplement 3 eTable 2 p12 SD 21.6",read,SD 21.6
PARACHUTE-HF,NCT04023227,41335448,pct_followup_on_drug_mean,enalapril,80.8,,,,T1-SUPP,"Supplement 3 eTable 2 p12 SD 32.5",read,SD 32.5
PARACHUTE-HF,NCT04023227,41335448,baseline_med_acei_n,sacubitril_valsartan,225,,,,T1-SUPP,"Supplement 3 eTable 3 p13 (48.7%)",read,
PARACHUTE-HF,NCT04023227,41335448,baseline_med_acei_n,enalapril,233,,,,T1-SUPP,"Supplement 3 eTable 3 p13 (50.7%)",read,
PARACHUTE-HF,NCT04023227,41335448,baseline_med_arb_n,sacubitril_valsartan,147,,,,T1-SUPP,"Supplement 3 eTable 3 p13 (31.8%)",read,
PARACHUTE-HF,NCT04023227,41335448,baseline_med_arb_n,enalapril,141,,,,T1-SUPP,"Supplement 3 eTable 3 p13 (30.7%)",read,
PARACHUTE-HF,NCT04023227,41335448,baseline_med_betablocker_n,sacubitril_valsartan,419,,,,T1-SUPP,"Supplement 3 eTable 3 p13 (90.7%)",read,
PARACHUTE-HF,NCT04023227,41335448,baseline_med_betablocker_n,enalapril,420,,,,T1-SUPP,"Supplement 3 eTable 3 p13 (91.3%)",read,
PARACHUTE-HF,NCT04023227,41335448,baseline_med_mra_n,sacubitril_valsartan,337,,,,T1-SUPP,"Supplement 3 eTable 3 p13 (72.9%)",read,
PARACHUTE-HF,NCT04023227,41335448,baseline_med_mra_n,enalapril,341,,,,T1-SUPP,"Supplement 3 eTable 3 p13 (74.1%)",read,
PARACHUTE-HF,NCT04023227,41335448,baseline_med_sglt2i_n,sacubitril_valsartan,21,,,,T1-SUPP,"Supplement 3 eTable 3 p13 (4.5%)",read,BASELINE IMBALANCE vs enalapril 8.0% - not noted by any secondary source
PARACHUTE-HF,NCT04023227,41335448,baseline_med_sglt2i_n,enalapril,37,,,,T1-SUPP,"Supplement 3 eTable 3 p13 (8.0%)",read,BASELINE IMBALANCE
PARACHUTE-HF,NCT04023227,41335448,baseline_med_amiodarone_n,sacubitril_valsartan,148,,,,T1-SUPP,"Supplement 3 eTable 3 p13 (32.0%)",read,
PARACHUTE-HF,NCT04023227,41335448,baseline_med_amiodarone_n,enalapril,141,,,,T1-SUPP,"Supplement 3 eTable 3 p13 (30.7%)",read,
PARACHUTE-HF,NCT04023227,41335448,baseline_med_anticoagulant_n,sacubitril_valsartan,210,,,,T1-SUPP,"Supplement 3 eTable 3 p13 (45.5%)",read,
PARACHUTE-HF,NCT04023227,41335448,baseline_med_anticoagulant_n,enalapril,205,,,,T1-SUPP,"Supplement 3 eTable 3 p13 (44.6%)",read,
PARACHUTE-HF,NCT04023227,41335448,concomitant_med_sglt2i_n,sacubitril_valsartan,47,,,,T1-SUPP,"Supplement 3 eTable 3 p13 (10.2%)",read,
PARACHUTE-HF,NCT04023227,41335448,concomitant_med_sglt2i_n,enalapril,60,,,,T1-SUPP,"Supplement 3 eTable 3 p13 (13.0%)",read,
PARACHUTE-HF,NCT04023227,41335448,subgroup_sex_male_WR,sv_vs_ena,1.540,1.227,1.934,,T1-SUPP,"Supplement 3 eTable 8 p20 N=535 wins 15812 ties 5698 losses 11120",read,
PARACHUTE-HF,NCT04023227,41335448,subgroup_sex_female_WR,sv_vs_ena,1.571,1.187,2.094,,T1-SUPP,"Supplement 3 eTable 8 p20 N=387 wins 8813 ties 4061 losses 5827",read,
PARACHUTE-HF,NCT04023227,41335448,subgroup_age_under65_WR,sv_vs_ena,1.437,1.118,1.856,,T1-SUPP,"Supplement 3 eTable 8 p20 N=438 wins 11306 ties 4112 losses 8016",read,
PARACHUTE-HF,NCT04023227,41335448,subgroup_age_65plus_WR,sv_vs_ena,1.609,1.263,2.090,,T1-SUPP,"Supplement 3 eTable 8 p20 N=484 wins 12759 ties 5858 losses 8729",read,
PARACHUTE-HF,NCT04023227,41335448,subgroup_race_caucasian_WR,sv_vs_ena,1.413,1.125,1.797,,T1-SUPP,"Supplement 3 eTable 8 p20 N=502 wins 13632 ties 6751 losses 10143",read,
PARACHUTE-HF,NCT04023227,41335448,subgroup_race_black_WR,sv_vs_ena,1.160,0.764,1.803,,T1-SUPP,"Supplement 3 eTable 8 p20 N=140 wins 2274 ties 599 losses 1957",read,
PARACHUTE-HF,NCT04023227,41335448,subgroup_race_indigenous_WR,sv_vs_ena,2.324,0.996,5.044,,T1-SUPP,"Supplement 3 eTable 8 p20 N=42 wins 117 ties 46 losses 43",read,
PARACHUTE-HF,NCT04023227,41335448,subgroup_race_mixed_WR,sv_vs_ena,1.854,1.300,2.679,,T1-SUPP,"Supplement 3 eTable 8 p20 N=238 wins 3961 ties 1667 losses 2075",read,
PARACHUTE-HF,NCT04023227,41335448,subgroup_nyha_I_or_II_WR,sv_vs_ena,1.833,1.470,2.316,,T1-SUPP,"Supplement 3 eTable 8 p20 N=570 wins 20965 ties 9657 losses 11550",read,widest separation from NYHA III/IV
PARACHUTE-HF,NCT04023227,41335448,subgroup_nyha_III_or_IV_WR,sv_vs_ena,1.184,0.904,1.559,,T1-SUPP,"Supplement 3 eTable 8 p20 N=352 wins 5596 ties 1777 losses 5598",read,
PARACHUTE-HF,NCT04023227,41335448,subgroup_egfr_60plus_WR,sv_vs_ena,1.577,1.259,1.970,,T1-SUPP,"Supplement 3 eTable 8 p20 N=590 wins 16565 ties 8415 losses 11193",read,
PARACHUTE-HF,NCT04023227,41335448,subgroup_egfr_under60_WR,sv_vs_ena,1.408,1.075,1.892,,T1-SUPP,"Supplement 3 eTable 8 p20 N=332 wins 8507 ties 2602 losses 6315",read,
PARACHUTE-HF,NCT04023227,41335448,subgroup_diabetes_no_WR,sv_vs_ena,1.562,1.287,1.883,,T1-SUPP,"Supplement 3 eTable 8 p20 N=784 wins 34796 ties 14150 losses 23693",read,
PARACHUTE-HF,NCT04023227,41335448,subgroup_diabetes_yes_WR,sv_vs_ena,1.331,0.838,2.090,,T1-SUPP,"Supplement 3 eTable 8 p20 N=138 wins 1079 ties 443 losses 895",read,
PARACHUTE-HF,NCT04023227,41335448,subgroup_sbp_below_median_WR,sv_vs_ena,1.425,1.119,1.817,,T1-SUPP,"Supplement 3 eTable 8 p20 N=447 wins 13525 ties 4623 losses 10147",read,median value not printed in table
PARACHUTE-HF,NCT04023227,41335448,subgroup_sbp_at_or_above_median_WR,sv_vs_ena,1.519,1.194,1.974,,T1-SUPP,"Supplement 3 eTable 8 p20 N=475 wins 10587 ties 5586 losses 7234",read,median value not printed in table
PARACHUTE-HF,NCT04023227,41335448,subgroup_lvef_35orless_WR,sv_vs_ena,1.464,1.195,1.781,,T1-SUPP,"Supplement 3 eTable 8 p20 N=668 wins 26507 ties 8849 losses 19605",read,
PARACHUTE-HF,NCT04023227,41335448,subgroup_lvef_over35_WR,sv_vs_ena,1.834,1.291,2.739,,T1-SUPP,"Supplement 3 eTable 8 p20 N=254 wins 3213 ties 2165 losses 1837",read,
PARACHUTE-HF,NCT04023227,41335448,subgroup_af_no_WR,sv_vs_ena,1.711,1.368,2.097,,T1-SUPP,"Supplement 3 eTable 8 p20 N=641 wins 26364 ties 10547 losses 16629",read,
PARACHUTE-HF,NCT04023227,41335448,subgroup_af_yes_WR,sv_vs_ena,1.229,0.896,1.692,,T1-SUPP,"Supplement 3 eTable 8 p20 N=281 wins 3486 ties 1505 losses 3024",read,
PARACHUTE-HF,NCT04023227,41335448,subgroup_hypertension_no_WR,sv_vs_ena,1.675,1.344,2.108,,T1-SUPP,"Supplement 3 eTable 8 p20 N=549 wins 20117 ties 6822 losses 12901",read,
PARACHUTE-HF,NCT04023227,41335448,subgroup_hypertension_yes_WR,sv_vs_ena,1.340,1.019,1.800,,T1-SUPP,"Supplement 3 eTable 8 p20 N=373 wins 6074 ties 3389 losses 5001",read,
PARACHUTE-HF,NCT04023227,41335448,subgroup_prior_acei_arb_no_WR,sv_vs_ena,2.022,1.391,3.043,,T1-SUPP,"Supplement 3 eTable 8 p20 N=195 wins 1678 ties 740 losses 950",read,
PARACHUTE-HF,NCT04023227,41335448,subgroup_prior_acei_arb_yes_WR,sv_vs_ena,1.428,1.185,1.750,,T1-SUPP,"Supplement 3 eTable 8 p20 N=727 wins 32649 ties 12940 losses 23635",read,
PARACHUTE-HF,NCT04023227,41335448,subgroup_prior_mra_no_WR,sv_vs_ena,1.411,0.996,2.030,,T1-SUPP,"Supplement 3 eTable 8 p20 N=244 wins 3252 ties 1475 losses 2489",read,
PARACHUTE-HF,NCT04023227,41335448,subgroup_prior_mra_yes_WR,sv_vs_ena,1.586,1.298,1.944,,T1-SUPP,"Supplement 3 eTable 8 p20 N=678 wins 26288 ties 10404 losses 17746",read,
PARACHUTE-HF,NCT04023227,41335448,subgroup_prior_sglt2i_no_WR,sv_vs_ena,1.539,1.288,1.854,,T1-SUPP,"Supplement 3 eTable 8 p20 N=864 wins 43534 ties 18100 losses 29954",read,
PARACHUTE-HF,NCT04023227,41335448,subgroup_prior_sglt2i_yes_WR,sv_vs_ena,0.928,0.445,1.978,,T1-SUPP,"Supplement 3 eTable 8 p20 N=58 wins 111 ties 34 losses 144",read,ONLY subgroup with point estimate below 1
PARACHUTE-HF,NCT04023227,41335448,subgroup_prior_hfhosp_1y_no_WR,sv_vs_ena,1.684,1.365,2.096,,T1-SUPP,"Supplement 3 eTable 8 p20 N=642 wins 25707 ties 12008 losses 16093",read,
PARACHUTE-HF,NCT04023227,41335448,subgroup_prior_hfhosp_1y_yes_WR,sv_vs_ena,1.289,0.964,1.740,,T1-SUPP,"Supplement 3 eTable 8 p20 N=280 wins 3808 ties 948 losses 3196",read,
PARACHUTE-HF,NCT04023227,41335448,subgroup_hf_duration_1y_or_less_WR,sv_vs_ena,1.738,1.329,2.339,,T1-SUPP,"Supplement 3 eTable 8 p20 N=391 wins 7675 ties 3680 losses 4964",read,
PARACHUTE-HF,NCT04023227,41335448,subgroup_hf_duration_1to5y_WR,sv_vs_ena,1.826,1.249,2.760,,T1-SUPP,"Supplement 3 eTable 8 p20 N=185 wins 2095 ties 541 losses 1311",read,
PARACHUTE-HF,NCT04023227,41335448,subgroup_hf_duration_5y_or_more_WR,sv_vs_ena,1.238,0.925,1.665,,T1-SUPP,"Supplement 3 eTable 8 p20 N=346 wins 7751 ties 3292 losses 6221",read,
PARACHUTE-HF,NCT04023227,41335448,subgroup_randomised_before_2021_12_31_WR,sv_vs_ena,1.174,0.879,1.599,,T1-SUPP,"Supplement 3 eTable 8 p21 N=271 wins 3315 ties 971 losses 3117",read,COVID pandemic era
PARACHUTE-HF,NCT04023227,41335448,subgroup_randomised_after_2022_01_01_WR,sv_vs_ena,1.651,1.345,2.062,,T1-SUPP,"Supplement 3 eTable 8 p21 N=651 wins 27160 ties 11859 losses 17182",read,
PARACHUTE-HF,NCT04023227,41335448,subgroup_interaction_p_values,all,NOT REPORTED,,,,T1-SUPP,"Supplement 3 eTable 8 pp20-21 - no interaction p-values printed anywhere",not_computed_reason,authors assert consistency in main text without testing it; not computed here
PARACHUTE-HF,NCT04023227,41335448,kaplan_meier_curves,both,NOT IN SUPPLEMENT 3,,,,T1-MAIN,"main-text Figure 2 C D E",not_extracted,supplement contains only eFigure 1 (bar chart) and eFigure 2 (win ratio flow); pseudo-IPD needs the article figure
ANSWER-HF,NCT04853758,41396086,randomised_n,total,190,,,,T1-PUB,"J Am Coll Cardiol 2025;87:1220-1232 abstract",read,1:1 allocation
ANSWER-HF,NCT04853758,41396086,mean_age_years,total,61,,,,T1-PUB,"JACC abstract",read,
ANSWER-HF,NCT04853758,41396086,female_pct,total,40,,,,T1-PUB,"JACC abstract",read,
ANSWER-HF,NCT04853758,41396086,black_or_mixed_race_pct,total,69,,,,T1-PUB,"JACC abstract",read,
ANSWER-HF,NCT04853758,41396086,baseline_mean_lvef_pct,total,30.1,,,,T1-PUB,"JACC abstract",read,
ANSWER-HF,NCT04853758,41396086,delta_lvef_6mo_pp,sacubitril_valsartan,2.1,,,,T1-PUB,"JACC abstract",read,primary endpoint
ANSWER-HF,NCT04853758,41396086,delta_lvef_6mo_pp,enalapril,1.2,,,,T1-PUB,"JACC abstract",read,primary endpoint
ANSWER-HF,NCT04853758,41396086,delta_lvef_between_group_diff_pp,sv_vs_ena,0.9,-0.9,2.6,0.36,T1-PUB,"JACC abstract",read,primary endpoint
ANSWER-HF,NCT04853758,41396086,win_ratio_hierarchical_secondary,sv_vs_ena,1.80,1.27,2.63,,T1-PUB,"JACC abstract",read,CVdeath>HFhosp>NTproBNP>LVEF
ANSWER-HF,NCT04853758,41396086,ntprobnp_geomean_ratio_6mo,sv_vs_ena,0.68,0.57,0.81,<0.001,T1-PUB,"JACC abstract",read,
ANSWER-HF,NCT04853758,41396086,cv_death_n,both,,,,,NOT_RECOVERED,"not in JACC abstract; CTG hasResults false; JACC full text not yet obtained",not_computed_reason,retrievable - obtain JACC full text
ANSWER-HF,NCT04853758,41396086,hf_hosp_n,both,,,,,NOT_RECOVERED,"not in JACC abstract; CTG hasResults false; JACC full text not yet obtained",not_computed_reason,retrievable - obtain JACC full text
PARADIGM-HF Chagas subgroup,NCT_NOT_RESOLVED,30298996,n_analysed,sacubitril_valsartan,58,,,,T1-PUB,"ESC Heart Fail 2018;5:1069-1071 full text para 4 (open access)",read,parent-trial NCT deliberately blank - not confirmed by live lookup; do not fill from recall
PARADIGM-HF Chagas subgroup,NCT_NOT_RESOLVED,30298996,n_analysed,enalapril,55,,,,T1-PUB,"ESC Heart Fail 2018;5:1069-1071 full text para 4",read,parent-trial NCT not resolved by live lookup
PARADIGM-HF Chagas subgroup,NCT_NOT_RESOLVED,30298996,composite_cvdeath_or_hfhosp_HR,sv_vs_ena,0.63,0.31,1.28,,T5-SEC,"Heart Fail Rev 2026;31(1) PMID 41910669 full text para 2 quoting the 2018 forest plot",read,source quotes the figure; figure itself not digitised
POOLED meta-analysis A,,41941460,hf_hospitalisation_RR,sv_vs_ena,0.93,0.74,1.16,0.53,T5-SEC,"Cardiol Rev 2026 PMID 41941460 abstract; n=1225 3 RCTs",read,
POOLED meta-analysis A,,41941460,cv_mortality_RR,sv_vs_ena,0.91,0.73,1.12,0.37,T5-SEC,"Cardiol Rev 2026 PMID 41941460 abstract",read,
POOLED meta-analysis A,,41941460,all_cause_mortality_RR,sv_vs_ena,0.96,0.79,1.17,0.69,T5-SEC,"Cardiol Rev 2026 PMID 41941460 abstract",read,
POOLED meta-analysis A,,41941460,symptomatic_hypotension_RR,sv_vs_ena,1.14,0.94,1.39,,T5-SEC,"Cardiol Rev 2026 PMID 41941460 abstract",read,
POOLED meta-analysis A,,41941460,kidney_dysfunction_RR,sv_vs_ena,1.08,0.84,1.39,,T5-SEC,"Cardiol Rev 2026 PMID 41941460 abstract",read,
POOLED meta-analysis A,,41941460,hyperkalaemia_RR,sv_vs_ena,1.26,0.37,4.32,,T5-SEC,"Cardiol Rev 2026 PMID 41941460 abstract",read,
POOLED meta-analysis B,,41923142,composite_cvdeath_or_hfhosp_RR,sv_vs_ena,0.92,0.81,1.05,0.216,T5-SEC,"Cardiol Rev 2026 PMID 41923142 abstract; n=1225 3 RCTs",read,
POOLED meta-analysis B,,41923142,all_cause_mortality_RR,sv_vs_ena,0.96,0.79,1.17,0.691,T5-SEC,"Cardiol Rev 2026 PMID 41923142 abstract",read,matches meta-analysis A exactly
POOLED meta-analysis B,,41923142,ntprobnp_pct_change_MD,sv_vs_ena,-31.00,-51.40,-10.60,<0.01,T5-SEC,"Cardiol Rev 2026 PMID 41923142 abstract",read,mean difference in percent change
DISCREPANCY,,,pairwise_comparisons,,212520 vs 101477,,,,T5-SEC vs T1-SUPP,"Cardiology Trials appraisal (212520 = 462x460 computed by its author) vs Supplement 3 eFigure 2 p26 and eTable 4 p14 (101477 actual)",read,SECONDARY SOURCE IS WRONG - matching is within country strata; use 101477
DISCREPANCY,,,ntprobnp_pct_change_wk12,,-30.6/-5.5 vs -41.1/-1.5,,,,T1-MAIN,"JAMA Table 2 carries both",read,BOTH CORRECT - first pair is median (IQR) second pair is mean (SD); my earlier report wrongly flagged the second as an error
DISCREPANCY,,,serious_ae_n,,211/234 vs 169/183,,,,T1-MAIN vs T2-REG,"JAMA Table 2 vs CTG seriousNumAffected",read,GENUINE PAPER-VS-REGISTRY DISAGREEMENT; likely definitional/AE-window; prefer Table 2 for paper-based synthesis
DISCREPANCY,,,discontinuation_due_to_ae,,28/45 vs 21/49,,,,T1-MAIN vs T1-SUPP,"JAMA Table 2 (6.1%/9.8%) vs Supplement 3 eTable 2 p12 permanent discontinuation (4.5%/10.7%)",read,DIFFERENT DEFINITIONS not an error; use Table 2 for 'discontinuation due to AE'
DISCREPANCY,,,ntprobnp_n_analysed_wk12,,417/401 vs 419/403,,,,T1-MAIN vs T1-SUPP+T2-REG,"JAMA Table 2 vs Supplement 3 eTable 5 p16 and CTG posted results",read,UNEXPLAINED 2-PATIENT DISCREPANCY between the paper's main text and its own supplement; supplement and registry agree against main text
DISCREPANCY,,,etable9_total_column,,Total equals Enalapril column wherever SV>0,,,,T1-SUPP,"Supplement 3 eTable 9 pp22-23",read,PUBLISHED TYPESETTING ERROR verified at word-coordinate level; use per-arm columns
DISCREPANCY,,,sites_n,,83 vs >80 vs 79 vs ~100,,,,T1-MAIN vs T3-CONF vs T2-REG vs design paper,"JAMA main text 83; ESC/ACC/TCTMD 'more than 80'; CTG 79 facility records; JACC HF design paper ~100 planned",read,USE 83
DISCREPANCY,,,ntprobnp_baseline_median,,1730 pooled vs 1801 SV / 1679 ENA,,,,T5-SEC vs T1-SUPP,"EJHF baseline paper 1730 pooled; Supplement 3 eTable 5 p16 per-arm",read,different populations not a conflict; use eTable 5 for per-arm work
PROVENANCE_NOTE,,,earlier_not_computed_reason_on_all_cause_mortality_HR,,RETRACTED,,,,,"previous version of this extraction",correction,"The HR was in main-text Table 2 all along. The earlier gap was a BLOCKED FETCH (Cloudflare interstitial on jamanetwork.com; reCAPTCHA on PMC) not a data absence. A tool-access failure must never be recorded as a data absence."
